Model_rank,Model_name,Model type,Average_NDCG,Bootstrap_standard_error_NDCG,Model details,References
1,Progen2 (ensemble),Protein language model,0.769,0.035,Ensemble of the 5 Progen2 models,"<a href='https://arxiv.org/abs/2206.13517'> Nijkamp, E., Ruffolo, J.A., Weinstein, E.N., Naik, N., & Madani, A. (2022). ProGen2: Exploring the Boundaries of Protein Language Models. ArXiv, abs/2206.13517. </a>"
2,Progen2 M,Protein language model,0.764,0.032,Progen2 medium model (760M params),"<a href='https://arxiv.org/abs/2206.13517'> Nijkamp, E., Ruffolo, J.A., Weinstein, E.N., Naik, N., & Madani, A. (2022). ProGen2: Exploring the Boundaries of Protein Language Models. ArXiv, abs/2206.13517. </a>"
3,Progen2 XL,Protein language model,0.754,0.044,Progen2 xlarge model (6.4B params),"<a href='https://arxiv.org/abs/2206.13517'> Nijkamp, E., Ruffolo, J.A., Weinstein, E.N., Naik, N., & Madani, A. (2022). ProGen2: Exploring the Boundaries of Protein Language Models. ArXiv, abs/2206.13517. </a>"
4,Progen2 Base,Protein language model,0.752,0.03,Progen2 base model (760M params),"<a href='https://arxiv.org/abs/2206.13517'> Nijkamp, E., Ruffolo, J.A., Weinstein, E.N., Naik, N., & Madani, A. (2022). ProGen2: Exploring the Boundaries of Protein Language Models. ArXiv, abs/2206.13517. </a>"
5,RITA (ensemble),Protein language model,0.75,0.026,Ensemble of the 4 RITA models,"<a href='https://arxiv.org/abs/2205.05789'>Hesslow, D., Zanichelli, N., Notin, P., Poli, I., & Marks, D.S. (2022). RITA: a Study on Scaling Up Generative Protein Sequence Models. ArXiv, abs/2205.05789.</a>"
6,Progen2 L,Protein language model,0.75,0.036,Progen2 large model (2.7B params),"<a href='https://arxiv.org/abs/2206.13517'> Nijkamp, E., Ruffolo, J.A., Weinstein, E.N., Naik, N., & Madani, A. (2022). ProGen2: Exploring the Boundaries of Protein Language Models. ArXiv, abs/2206.13517. </a>"
7,TranceptEVE M,Hybrid model,0.748,0.013,TranceptEVE Medium model (Tranception Medium & retrieved EVE model),"<a href='https://www.biorxiv.org/content/10.1101/2022.12.07.519495v1?rss=1'>Notin, P., Van Niekerk, L., Kollasch, A., Ritter, D., Gal, Y. & Marks, D.S. &  (2022). TranceptEVE: Combining Family-specific and Family-agnostic Models of Protein Sequences for Improved Fitness Prediction. NeurIPS, LMRL workshop.</a>"
8,TranceptEVE L,Hybrid model,0.748,0.0,TranceptEVE Large model (Tranception Large & retrieved EVE model),"<a href='https://www.biorxiv.org/content/10.1101/2022.12.07.519495v1?rss=1'>Notin, P., Van Niekerk, L., Kollasch, A., Ritter, D., Gal, Y. & Marks, D.S. &  (2022). TranceptEVE: Combining Family-specific and Family-agnostic Models of Protein Sequences for Improved Fitness Prediction. NeurIPS, LMRL workshop.</a>"
9,Tranception L no retrieval,Protein language model,0.747,0.015,Tranception Large model (700M params) without retrieval,"<a href='https://proceedings.mlr.press/v162/notin22a.html'>Notin, P., Dias, M., Frazer, J., Marchena-Hurtado, J., Gomez, A.N., Marks, D.S., & Gal, Y. (2022). Tranception: Protein Fitness Prediction with Autoregressive Transformers and Inference-time Retrieval. ICML.</a>"
10,Provean,Alignment-based model,0.745,0.041,Provean model,"<a href='https://www.jcvi.org/publications/predicting-functional-effect-amino-acid-substitutions-and-indels'>Choi Y, Sims GE, Murphy S, Miller JR, Chan AP (2012). Predicting the functional effect of amino acid substitutions and indels. PloS one.</a>"
11,Tranception M no retrieval,Protein language model,0.743,0.014,Tranception Medium model (300M params) without retrieval,"<a href='https://proceedings.mlr.press/v162/notin22a.html'>Notin, P., Dias, M., Frazer, J., Marchena-Hurtado, J., Gomez, A.N., Marks, D.S., & Gal, Y. (2022). Tranception: Protein Fitness Prediction with Autoregressive Transformers and Inference-time Retrieval. ICML.</a>"
12,RITA XL,Protein language model,0.741,0.033,RITA xlarge model (1.2B params),"<a href='https://arxiv.org/abs/2205.05789'>Hesslow, D., Zanichelli, N., Notin, P., Poli, I., & Marks, D.S. (2022). RITA: a Study on Scaling Up Generative Protein Sequence Models. ArXiv, abs/2205.05789.</a>"
13,RITA L,Protein language model,0.738,0.031,RITA large model (680M params),"<a href='https://arxiv.org/abs/2205.05789'>Hesslow, D., Zanichelli, N., Notin, P., Poli, I., & Marks, D.S. (2022). RITA: a Study on Scaling Up Generative Protein Sequence Models. ArXiv, abs/2205.05789.</a>"
14,RITA M,Protein language model,0.727,0.031,RITA medium model (300M params),"<a href='https://arxiv.org/abs/2205.05789'>Hesslow, D., Zanichelli, N., Notin, P., Poli, I., & Marks, D.S. (2022). RITA: a Study on Scaling Up Generative Protein Sequence Models. ArXiv, abs/2205.05789.</a>"
15,Tranception L,Hybrid model,0.722,0.013,Tranception Large model (700M params) with retrieval,"<a href='https://proceedings.mlr.press/v162/notin22a.html'>Notin, P., Dias, M., Frazer, J., Marchena-Hurtado, J., Gomez, A.N., Marks, D.S., & Gal, Y. (2022). Tranception: Protein Fitness Prediction with Autoregressive Transformers and Inference-time Retrieval. ICML.</a>"
16,Progen2 S,Protein language model,0.721,0.028,Progen2 small model (150M params),"<a href='https://arxiv.org/abs/2206.13517'> Nijkamp, E., Ruffolo, J.A., Weinstein, E.N., Naik, N., & Madani, A. (2022). ProGen2: Exploring the Boundaries of Protein Language Models. ArXiv, abs/2206.13517. </a>"
17,Tranception S no retrieval,Protein language model,0.708,0.023,Tranception Small model (85M params) without retrieval,"<a href='https://proceedings.mlr.press/v162/notin22a.html'>Notin, P., Dias, M., Frazer, J., Marchena-Hurtado, J., Gomez, A.N., Marks, D.S., & Gal, Y. (2022). Tranception: Protein Fitness Prediction with Autoregressive Transformers and Inference-time Retrieval. ICML.</a>"
18,Tranception M,Hybrid model,0.695,0.012,Tranception Medium model (300M params) with retrieval,"<a href='https://proceedings.mlr.press/v162/notin22a.html'>Notin, P., Dias, M., Frazer, J., Marchena-Hurtado, J., Gomez, A.N., Marks, D.S., & Gal, Y. (2022). Tranception: Protein Fitness Prediction with Autoregressive Transformers and Inference-time Retrieval. ICML.</a>"
19,RITA S,Protein language model,0.687,0.026,RITA small model (85M params),"<a href='https://arxiv.org/abs/2205.05789'>Hesslow, D., Zanichelli, N., Notin, P., Poli, I., & Marks, D.S. (2022). RITA: a Study on Scaling Up Generative Protein Sequence Models. ArXiv, abs/2205.05789.</a>"
20,TranceptEVE S,Hybrid model,0.672,0.025,TranceptEVE Small model (Tranception Small & retrieved EVE model),"<a href='https://proceedings.mlr.press/v162/notin22a.html'>Notin, P., Dias, M., Frazer, J., Marchena-Hurtado, J., Gomez, A.N., Marks, D.S., & Gal, Y. (2022). Tranception: Protein Fitness Prediction with Autoregressive Transformers and Inference-time Retrieval. ICML.</a>"
21,Tranception S,Hybrid model,0.672,0.023,Tranception Small model (85M params) with retrieval,"<a href='https://proceedings.mlr.press/v162/notin22a.html'>Notin, P., Dias, M., Frazer, J., Marchena-Hurtado, J., Gomez, A.N., Marks, D.S., & Gal, Y. (2022). Tranception: Protein Fitness Prediction with Autoregressive Transformers and Inference-time Retrieval. ICML.</a>"
22,Hidden Markov Model,Alignment-based model,0.643,0.026,Profile Hidden Markov model,<a href='http://hmmer.org/'>HMMER: biosequence analysis using profile hidden Markov models</a>
23,ProtGPT2,Protein language model,0.539,0.051,ProtGPT2 model,"<a href='https://www.nature.com/articles/s41467-022-32007-7'>Ferruz, N., Schmidt, S., & HÃ¶cker, B. (2022). ProtGPT2 is a deep unsupervised language model for protein design. Nature Communications, 13.</a>"
24,Unirep,Protein language model,0.527,0.047,Unirep model,"<a href='https://www.nature.com/articles/s41592-019-0598-1'>Alley, E.C., Khimulya, G., Biswas, S., AlQuraishi, M., & Church, G.M. (2019). Unified rational protein engineering with sequence-based deep representation learning. Nature Methods, 1-8.</a>"
25,Wavenet,Alignment-based model,0.443,0.086,Wavenet model,"<a href='https://www.nature.com/articles/s41467-021-22732-w'>Shin, J., Riesselman, A.J., Kollasch, A.W., McMahon, C., Simon, E., Sander, C., Manglik, A., Kruse, A.C., & Marks, D.S. (2021). Protein design and variant prediction using autoregressive generative models. Nature Communications, 12.</a>"
