Model_rank,Model_name,Model type,Average_AUC,Bootstrap_standard_error_AUC,Model details,References
1,Progen2 (ensemble),Protein language model,0.78,0.038,Ensemble of the 5 Progen2 models,"<a href='https://arxiv.org/abs/2206.13517'> Nijkamp, E., Ruffolo, J.A., Weinstein, E.N., Naik, N., & Madani, A. (2022). ProGen2: Exploring the Boundaries of Protein Language Models. ArXiv, abs/2206.13517. </a>"
2,RITA (ensemble),Protein language model,0.779,0.035,Ensemble of the 4 RITA models,"<a href='https://arxiv.org/abs/2205.05789'>Hesslow, D., Zanichelli, N., Notin, P., Poli, I., & Marks, D.S. (2022). RITA: a Study on Scaling Up Generative Protein Sequence Models. ArXiv, abs/2205.05789.</a>"
3,TranceptEVE M,Hybrid model,0.775,0.013,TranceptEVE Medium model (Tranception Medium & retrieved EVE model),"<a href='https://www.biorxiv.org/content/10.1101/2022.12.07.519495v1?rss=1'>Notin, P., Van Niekerk, L., Kollasch, A., Ritter, D., Gal, Y. & Marks, D.S. &  (2022). TranceptEVE: Combining Family-specific and Family-agnostic Models of Protein Sequences for Improved Fitness Prediction. NeurIPS, LMRL workshop.</a>"
4,TranceptEVE L,Hybrid model,0.774,0.0,TranceptEVE Large model (Tranception Large & retrieved EVE model),"<a href='https://www.biorxiv.org/content/10.1101/2022.12.07.519495v1?rss=1'>Notin, P., Van Niekerk, L., Kollasch, A., Ritter, D., Gal, Y. & Marks, D.S. &  (2022). TranceptEVE: Combining Family-specific and Family-agnostic Models of Protein Sequences for Improved Fitness Prediction. NeurIPS, LMRL workshop.</a>"
5,Progen2 Base,Protein language model,0.772,0.038,Progen2 base model (760M params),"<a href='https://arxiv.org/abs/2206.13517'> Nijkamp, E., Ruffolo, J.A., Weinstein, E.N., Naik, N., & Madani, A. (2022). ProGen2: Exploring the Boundaries of Protein Language Models. ArXiv, abs/2206.13517. </a>"
6,Progen2 M,Protein language model,0.769,0.042,Progen2 medium model (760M params),"<a href='https://arxiv.org/abs/2206.13517'> Nijkamp, E., Ruffolo, J.A., Weinstein, E.N., Naik, N., & Madani, A. (2022). ProGen2: Exploring the Boundaries of Protein Language Models. ArXiv, abs/2206.13517. </a>"
7,RITA L,Protein language model,0.764,0.04,RITA large model (680M params),"<a href='https://arxiv.org/abs/2205.05789'>Hesslow, D., Zanichelli, N., Notin, P., Poli, I., & Marks, D.S. (2022). RITA: a Study on Scaling Up Generative Protein Sequence Models. ArXiv, abs/2205.05789.</a>"
8,Tranception M no retrieval,Protein language model,0.762,0.033,Tranception Medium model (300M params) without retrieval,"<a href='https://proceedings.mlr.press/v162/notin22a.html'>Notin, P., Dias, M., Frazer, J., Marchena-Hurtado, J., Gomez, A.N., Marks, D.S., & Gal, Y. (2022). Tranception: Protein Fitness Prediction with Autoregressive Transformers and Inference-time Retrieval. ICML.</a>"
9,RITA XL,Protein language model,0.761,0.04,RITA xlarge model (1.2B params),"<a href='https://arxiv.org/abs/2205.05789'>Hesslow, D., Zanichelli, N., Notin, P., Poli, I., & Marks, D.S. (2022). RITA: a Study on Scaling Up Generative Protein Sequence Models. ArXiv, abs/2205.05789.</a>"
10,Progen2 L,Protein language model,0.761,0.04,Progen2 large model (2.7B params),"<a href='https://arxiv.org/abs/2206.13517'> Nijkamp, E., Ruffolo, J.A., Weinstein, E.N., Naik, N., & Madani, A. (2022). ProGen2: Exploring the Boundaries of Protein Language Models. ArXiv, abs/2206.13517. </a>"
11,Tranception L no retrieval,Protein language model,0.76,0.039,Tranception Large model (700M params) without retrieval,"<a href='https://proceedings.mlr.press/v162/notin22a.html'>Notin, P., Dias, M., Frazer, J., Marchena-Hurtado, J., Gomez, A.N., Marks, D.S., & Gal, Y. (2022). Tranception: Protein Fitness Prediction with Autoregressive Transformers and Inference-time Retrieval. ICML.</a>"
12,RITA M,Protein language model,0.756,0.036,RITA medium model (300M params),"<a href='https://arxiv.org/abs/2205.05789'>Hesslow, D., Zanichelli, N., Notin, P., Poli, I., & Marks, D.S. (2022). RITA: a Study on Scaling Up Generative Protein Sequence Models. ArXiv, abs/2205.05789.</a>"
13,Progen2 XL,Protein language model,0.749,0.051,Progen2 xlarge model (6.4B params),"<a href='https://arxiv.org/abs/2206.13517'> Nijkamp, E., Ruffolo, J.A., Weinstein, E.N., Naik, N., & Madani, A. (2022). ProGen2: Exploring the Boundaries of Protein Language Models. ArXiv, abs/2206.13517. </a>"
14,Progen2 S,Protein language model,0.749,0.034,Progen2 small model (150M params),"<a href='https://arxiv.org/abs/2206.13517'> Nijkamp, E., Ruffolo, J.A., Weinstein, E.N., Naik, N., & Madani, A. (2022). ProGen2: Exploring the Boundaries of Protein Language Models. ArXiv, abs/2206.13517. </a>"
15,Tranception S no retrieval,Protein language model,0.745,0.032,Tranception Small model (85M params) without retrieval,"<a href='https://proceedings.mlr.press/v162/notin22a.html'>Notin, P., Dias, M., Frazer, J., Marchena-Hurtado, J., Gomez, A.N., Marks, D.S., & Gal, Y. (2022). Tranception: Protein Fitness Prediction with Autoregressive Transformers and Inference-time Retrieval. ICML.</a>"
16,Tranception L,Hybrid model,0.739,0.02,Tranception Large model (700M params) with retrieval,"<a href='https://proceedings.mlr.press/v162/notin22a.html'>Notin, P., Dias, M., Frazer, J., Marchena-Hurtado, J., Gomez, A.N., Marks, D.S., & Gal, Y. (2022). Tranception: Protein Fitness Prediction with Autoregressive Transformers and Inference-time Retrieval. ICML.</a>"
17,RITA S,Protein language model,0.737,0.032,RITA small model (85M params),"<a href='https://arxiv.org/abs/2205.05789'>Hesslow, D., Zanichelli, N., Notin, P., Poli, I., & Marks, D.S. (2022). RITA: a Study on Scaling Up Generative Protein Sequence Models. ArXiv, abs/2205.05789.</a>"
18,Tranception M,Hybrid model,0.735,0.022,Tranception Medium model (300M params) with retrieval,"<a href='https://proceedings.mlr.press/v162/notin22a.html'>Notin, P., Dias, M., Frazer, J., Marchena-Hurtado, J., Gomez, A.N., Marks, D.S., & Gal, Y. (2022). Tranception: Protein Fitness Prediction with Autoregressive Transformers and Inference-time Retrieval. ICML.</a>"
19,Hidden Markov Model,Alignment-based model,0.731,0.027,Profile Hidden Markov model,<a href='http://hmmer.org/'>HMMER: biosequence analysis using profile hidden Markov models</a>
20,Provean,Alignment-based model,0.727,0.042,Provean model,"<a href='https://www.jcvi.org/publications/predicting-functional-effect-amino-acid-substitutions-and-indels'>Choi Y, Sims GE, Murphy S, Miller JR, Chan AP (2012). Predicting the functional effect of amino acid substitutions and indels. PloS one.</a>"
21,Tranception S,Hybrid model,0.703,0.024,Tranception Small model (85M params) with retrieval,"<a href='https://proceedings.mlr.press/v162/notin22a.html'>Notin, P., Dias, M., Frazer, J., Marchena-Hurtado, J., Gomez, A.N., Marks, D.S., & Gal, Y. (2022). Tranception: Protein Fitness Prediction with Autoregressive Transformers and Inference-time Retrieval. ICML.</a>"
22,TranceptEVE S,Hybrid model,0.695,0.013,TranceptEVE Small model (Tranception Small & retrieved EVE model),"<a href='https://proceedings.mlr.press/v162/notin22a.html'>Notin, P., Dias, M., Frazer, J., Marchena-Hurtado, J., Gomez, A.N., Marks, D.S., & Gal, Y. (2022). Tranception: Protein Fitness Prediction with Autoregressive Transformers and Inference-time Retrieval. ICML.</a>"
23,ProtGPT2,Protein language model,0.615,0.046,ProtGPT2 model,"<a href='https://www.nature.com/articles/s41467-022-32007-7'>Ferruz, N., Schmidt, S., & HÃ¶cker, B. (2022). ProtGPT2 is a deep unsupervised language model for protein design. Nature Communications, 13.</a>"
24,Unirep,Protein language model,0.589,0.067,Unirep model,"<a href='https://www.nature.com/articles/s41592-019-0598-1'>Alley, E.C., Khimulya, G., Biswas, S., AlQuraishi, M., & Church, G.M. (2019). Unified rational protein engineering with sequence-based deep representation learning. Nature Methods, 1-8.</a>"
25,Wavenet,Alignment-based model,0.38,0.096,Wavenet model,"<a href='https://www.nature.com/articles/s41467-021-22732-w'>Shin, J., Riesselman, A.J., Kollasch, A.W., McMahon, C., Simon, E., Sander, C., Manglik, A., Kruse, A.C., & Marks, D.S. (2021). Protein design and variant prediction using autoregressive generative models. Nature Communications, 12.</a>"
