Model_rank,Model_name,Model type,Average_Spearman,Bootstrap_standard_error_Spearman,Model details,References
1,Progen2 (ensemble),Protein language model,0.484,0.068,Ensemble of the 5 Progen2 models,"<a href='https://arxiv.org/abs/2206.13517'> Nijkamp, E., Ruffolo, J.A., Weinstein, E.N., Naik, N., & Madani, A. (2022). ProGen2: Exploring the Boundaries of Protein Language Models. ArXiv, abs/2206.13517. </a>"
2,RITA (ensemble),Protein language model,0.48,0.064,Ensemble of the 4 RITA models,"<a href='https://arxiv.org/abs/2205.05789'>Hesslow, D., Zanichelli, N., Notin, P., Poli, I., & Marks, D.S. (2022). RITA: a Study on Scaling Up Generative Protein Sequence Models. ArXiv, abs/2205.05789.</a>"
3,TranceptEVE M,Hybrid model,0.467,0.026,TranceptEVE Medium model (Tranception Medium & retrieved EVE model),"<a href='https://www.biorxiv.org/content/10.1101/2022.12.07.519495v1?rss=1'>Notin, P., Van Niekerk, L., Kollasch, A., Ritter, D., Gal, Y. & Marks, D.S. &  (2022). TranceptEVE: Combining Family-specific and Family-agnostic Models of Protein Sequences for Improved Fitness Prediction. NeurIPS, LMRL workshop.</a>"
4,Progen2 M,Protein language model,0.467,0.073,Progen2 medium model (760M params),"<a href='https://arxiv.org/abs/2206.13517'> Nijkamp, E., Ruffolo, J.A., Weinstein, E.N., Naik, N., & Madani, A. (2022). ProGen2: Exploring the Boundaries of Protein Language Models. ArXiv, abs/2206.13517. </a>"
5,Progen2 Base,Protein language model,0.466,0.065,Progen2 base model (760M params),"<a href='https://arxiv.org/abs/2206.13517'> Nijkamp, E., Ruffolo, J.A., Weinstein, E.N., Naik, N., & Madani, A. (2022). ProGen2: Exploring the Boundaries of Protein Language Models. ArXiv, abs/2206.13517. </a>"
6,RITA L,Protein language model,0.459,0.071,RITA large model (680M params),"<a href='https://arxiv.org/abs/2205.05789'>Hesslow, D., Zanichelli, N., Notin, P., Poli, I., & Marks, D.S. (2022). RITA: a Study on Scaling Up Generative Protein Sequence Models. ArXiv, abs/2205.05789.</a>"
7,TranceptEVE L,Hybrid model,0.457,0.0,TranceptEVE Large model (Tranception Large & retrieved EVE model),"<a href='https://www.biorxiv.org/content/10.1101/2022.12.07.519495v1?rss=1'>Notin, P., Van Niekerk, L., Kollasch, A., Ritter, D., Gal, Y. & Marks, D.S. &  (2022). TranceptEVE: Combining Family-specific and Family-agnostic Models of Protein Sequences for Improved Fitness Prediction. NeurIPS, LMRL workshop.</a>"
8,Tranception M no retrieval,Protein language model,0.455,0.059,Tranception Medium model (300M params) without retrieval,"<a href='https://proceedings.mlr.press/v162/notin22a.html'>Notin, P., Dias, M., Frazer, J., Marchena-Hurtado, J., Gomez, A.N., Marks, D.S., & Gal, Y. (2022). Tranception: Protein Fitness Prediction with Autoregressive Transformers and Inference-time Retrieval. ICML.</a>"
9,RITA XL,Protein language model,0.452,0.073,RITA xlarge model (1.2B params),"<a href='https://arxiv.org/abs/2205.05789'>Hesslow, D., Zanichelli, N., Notin, P., Poli, I., & Marks, D.S. (2022). RITA: a Study on Scaling Up Generative Protein Sequence Models. ArXiv, abs/2205.05789.</a>"
10,Progen2 L,Protein language model,0.451,0.072,Progen2 large model (2.7B params),"<a href='https://arxiv.org/abs/2206.13517'> Nijkamp, E., Ruffolo, J.A., Weinstein, E.N., Naik, N., & Madani, A. (2022). ProGen2: Exploring the Boundaries of Protein Language Models. ArXiv, abs/2206.13517. </a>"
11,Tranception L no retrieval,Protein language model,0.439,0.071,Tranception Large model (700M params) without retrieval,"<a href='https://proceedings.mlr.press/v162/notin22a.html'>Notin, P., Dias, M., Frazer, J., Marchena-Hurtado, J., Gomez, A.N., Marks, D.S., & Gal, Y. (2022). Tranception: Protein Fitness Prediction with Autoregressive Transformers and Inference-time Retrieval. ICML.</a>"
12,RITA M,Protein language model,0.439,0.064,RITA medium model (300M params),"<a href='https://arxiv.org/abs/2205.05789'>Hesslow, D., Zanichelli, N., Notin, P., Poli, I., & Marks, D.S. (2022). RITA: a Study on Scaling Up Generative Protein Sequence Models. ArXiv, abs/2205.05789.</a>"
13,Progen2 XL,Protein language model,0.434,0.089,Progen2 xlarge model (6.4B params),"<a href='https://arxiv.org/abs/2206.13517'> Nijkamp, E., Ruffolo, J.A., Weinstein, E.N., Naik, N., & Madani, A. (2022). ProGen2: Exploring the Boundaries of Protein Language Models. ArXiv, abs/2206.13517. </a>"
14,Progen2 S,Protein language model,0.425,0.058,Progen2 small model (150M params),"<a href='https://arxiv.org/abs/2206.13517'> Nijkamp, E., Ruffolo, J.A., Weinstein, E.N., Naik, N., & Madani, A. (2022). ProGen2: Exploring the Boundaries of Protein Language Models. ArXiv, abs/2206.13517. </a>"
15,Tranception S no retrieval,Protein language model,0.412,0.057,Tranception Small model (85M params) without retrieval,"<a href='https://proceedings.mlr.press/v162/notin22a.html'>Notin, P., Dias, M., Frazer, J., Marchena-Hurtado, J., Gomez, A.N., Marks, D.S., & Gal, Y. (2022). Tranception: Protein Fitness Prediction with Autoregressive Transformers and Inference-time Retrieval. ICML.</a>"
16,RITA S,Protein language model,0.399,0.057,RITA small model (85M params),"<a href='https://arxiv.org/abs/2205.05789'>Hesslow, D., Zanichelli, N., Notin, P., Poli, I., & Marks, D.S. (2022). RITA: a Study on Scaling Up Generative Protein Sequence Models. ArXiv, abs/2205.05789.</a>"
17,Tranception M,Hybrid model,0.398,0.041,Tranception Medium model (300M params) with retrieval,"<a href='https://proceedings.mlr.press/v162/notin22a.html'>Notin, P., Dias, M., Frazer, J., Marchena-Hurtado, J., Gomez, A.N., Marks, D.S., & Gal, Y. (2022). Tranception: Protein Fitness Prediction with Autoregressive Transformers and Inference-time Retrieval. ICML.</a>"
18,Tranception L,Hybrid model,0.393,0.036,Tranception Large model (700M params) with retrieval,"<a href='https://proceedings.mlr.press/v162/notin22a.html'>Notin, P., Dias, M., Frazer, J., Marchena-Hurtado, J., Gomez, A.N., Marks, D.S., & Gal, Y. (2022). Tranception: Protein Fitness Prediction with Autoregressive Transformers and Inference-time Retrieval. ICML.</a>"
19,Hidden Markov Model,Alignment-based model,0.391,0.049,Profile Hidden Markov model,<a href='http://hmmer.org/'>HMMER: biosequence analysis using profile hidden Markov models</a>
20,Provean,Alignment-based model,0.375,0.077,Provean model,"<a href='https://www.jcvi.org/publications/predicting-functional-effect-amino-acid-substitutions-and-indels'>Choi Y, Sims GE, Murphy S, Miller JR, Chan AP (2012). Predicting the functional effect of amino acid substitutions and indels. PloS one.</a>"
21,TranceptEVE S,Hybrid model,0.344,0.033,TranceptEVE Small model (Tranception Small & retrieved EVE model),"<a href='https://proceedings.mlr.press/v162/notin22a.html'>Notin, P., Dias, M., Frazer, J., Marchena-Hurtado, J., Gomez, A.N., Marks, D.S., & Gal, Y. (2022). Tranception: Protein Fitness Prediction with Autoregressive Transformers and Inference-time Retrieval. ICML.</a>"
22,Tranception S,Hybrid model,0.322,0.041,Tranception Small model (85M params) with retrieval,"<a href='https://proceedings.mlr.press/v162/notin22a.html'>Notin, P., Dias, M., Frazer, J., Marchena-Hurtado, J., Gomez, A.N., Marks, D.S., & Gal, Y. (2022). Tranception: Protein Fitness Prediction with Autoregressive Transformers and Inference-time Retrieval. ICML.</a>"
23,ProtGPT2,Protein language model,0.194,0.08,ProtGPT2 model,"<a href='https://www.nature.com/articles/s41467-022-32007-7'>Ferruz, N., Schmidt, S., & HÃ¶cker, B. (2022). ProtGPT2 is a deep unsupervised language model for protein design. Nature Communications, 13.</a>"
24,Unirep,Protein language model,0.169,0.115,Unirep model,"<a href='https://www.nature.com/articles/s41592-019-0598-1'>Alley, E.C., Khimulya, G., Biswas, S., AlQuraishi, M., & Church, G.M. (2019). Unified rational protein engineering with sequence-based deep representation learning. Nature Methods, 1-8.</a>"
25,Wavenet,Alignment-based model,-0.18,0.159,Wavenet model,"<a href='https://www.nature.com/articles/s41467-021-22732-w'>Shin, J., Riesselman, A.J., Kollasch, A.W., McMahon, C., Simon, E., Sander, C., Manglik, A., Kruse, A.C., & Marks, D.S. (2021). Protein design and variant prediction using autoregressive generative models. Nature Communications, 12.</a>"
